UDI,Product ID,Type,Air temperature [K],Process temperature [K],Rotational speed [rpm],Torque [Nm],Tool wear [min],Target,Failure Type
1,P00001,L,300.36,307.89,1762.0,38.5,237,1,Machine Failure
2,P00002,H,297.33,309.88,1305.0,36.73,32,0,No Failure
3,P00003,M,300.76,307.74,1139.0,29.57,230,1,Machine Failure
4,P00004,M,301.22,311.14,1187.0,28.28,231,1,Machine Failure
5,P00005,L,301.12,310.12,1354.0,44.64,17,0,No Failure
6,P00006,L,302.16,307.81,1394.0,34.49,72,0,No Failure
7,P00007,L,301.67,309.54,1269.0,43.16,160,0,No Failure
8,P00008,H,300.92,308.87,1111.0,31.15,159,0,No Failure
9,P00009,M,299.86,310.48,1363.0,41.81,188,0,No Failure
10,P00010,M,296.68,312.01,1554.0,53.03,181,0,No Failure
11,P00011,L,300.86,307.19,1679.0,45.86,16,0,No Failure
12,P00012,H,300.42,310.17,1333.0,35.88,18,0,No Failure
13,P00013,H,300.54,309.76,1376.0,42.57,218,1,Machine Failure
14,P00014,L,297.45,311.01,1222.0,37.59,69,0,No Failure
15,P00015,L,297.84,310.32,1491.0,40.08,226,1,Machine Failure
16,P00016,L,302.11,308.87,1245.0,36.74,119,0,No Failure
17,P00017,L,299.92,309.52,1672.0,38.36,100,0,No Failure
18,P00018,M,301.36,308.81,964.0,42.12,33,0,No Failure
19,P00019,M,300.06,311.61,1392.0,30.07,83,0,No Failure
20,P00020,L,300.06,310.03,1590.0,29.84,152,0,No Failure
21,P00021,M,301.88,312.85,1555.0,26.11,195,0,No Failure
22,P00022,L,298.97,309.91,2308.0,24.0,73,1,Machine Failure
23,P00023,L,300.19,308.94,1605.0,27.83,201,1,Machine Failure
24,P00024,L,299.08,307.73,1199.0,41.59,87,0,No Failure
25,P00025,M,299.13,307.3,1471.0,31.07,84,0,No Failure
26,P00026,M,299.38,307.62,967.0,45.14,10,0,No Failure
27,P00027,L,300.44,310.4,1476.0,40.35,90,0,No Failure
28,P00028,M,299.04,310.76,1250.0,20.31,143,0,No Failure
29,P00029,M,302.51,307.63,1775.0,46.55,217,1,Machine Failure
30,P00030,L,298.21,311.34,1335.0,48.11,188,0,No Failure
31,P00031,M,299.63,309.28,1465.0,30.06,221,1,Machine Failure
32,P00032,L,299.12,310.22,1309.0,44.2,126,0,No Failure
33,P00033,L,302.89,312.42,2022.0,31.44,112,1,Machine Failure
34,P00034,H,300.39,311.35,1404.0,40.98,79,0,No Failure
35,P00035,H,302.06,309.6,2050.0,27.36,6,1,Machine Failure
36,P00036,H,297.03,308.66,1744.0,22.07,15,0,No Failure
37,P00037,L,300.53,306.77,1645.0,36.17,226,1,Machine Failure
38,P00038,L,301.78,308.92,1611.0,38.76,249,1,Machine Failure
39,P00039,M,300.16,309.68,1618.0,36.02,15,0,No Failure
40,P00040,M,302.13,308.52,922.0,28.16,167,0,No Failure
41,P00041,L,298.97,309.8,1416.0,36.0,11,0,No Failure
42,P00042,M,302.82,310.12,1754.0,42.69,34,0,No Failure
43,P00043,L,304.6,309.66,1485.0,39.55,240,1,Machine Failure
44,P00044,H,299.27,309.02,1078.0,41.83,20,0,No Failure
45,P00045,L,299.11,310.25,1484.0,33.3,177,0,No Failure
46,P00046,M,302.91,310.66,2011.0,51.72,170,1,Machine Failure
47,P00047,L,303.16,308.36,1874.0,28.24,227,1,Machine Failure
48,P00048,M,298.95,312.12,1481.0,44.88,239,1,Machine Failure
49,P00049,M,299.16,309.85,1785.0,51.82,16,0,No Failure
50,P00050,L,299.44,310.03,1390.0,44.81,31,0,No Failure
51,P00051,H,297.31,311.06,989.0,37.97,40,0,No Failure
52,P00052,M,298.16,310.35,1223.0,34.72,133,0,No Failure
53,P00053,H,297.99,311.43,1969.0,50.36,215,1,Machine Failure
54,P00054,H,298.46,310.43,1418.0,25.77,26,0,No Failure
55,P00055,M,299.93,309.08,1427.0,30.3,147,0,No Failure
56,P00056,H,300.47,310.54,1410.0,36.02,152,0,No Failure
57,P00057,L,303.1,308.28,2071.0,52.38,65,1,Machine Failure
58,P00058,L,298.0,310.16,1988.0,43.8,136,0,No Failure
59,P00059,L,301.97,309.95,2166.0,30.32,91,1,Machine Failure
60,P00060,L,299.57,309.69,1452.0,36.9,180,0,No Failure
61,P00061,L,299.9,309.81,1589.0,33.86,60,0,No Failure
62,P00062,L,301.35,307.18,1045.0,32.9,165,0,No Failure
63,P00063,H,297.75,309.18,1943.0,49.79,2,0,No Failure
64,P00064,L,300.76,310.14,1150.0,26.28,211,1,Machine Failure
65,P00065,L,300.33,310.24,1565.0,56.09,197,1,Machine Failure
66,P00066,M,300.98,308.46,1171.0,48.28,102,0,No Failure
67,P00067,L,300.58,311.9,1323.0,50.91,224,1,Machine Failure
68,P00068,H,304.91,308.7,1249.0,35.37,54,0,No Failure
69,P00069,L,298.72,311.45,1318.0,38.5,0,0,No Failure
70,P00070,H,298.94,310.64,1338.0,25.67,100,0,No Failure
71,P00071,M,298.75,309.03,1336.0,34.75,197,0,No Failure
72,P00072,L,298.89,312.66,1750.0,44.94,44,0,No Failure
73,P00073,L,298.73,308.21,1169.0,52.96,225,1,Machine Failure
74,P00074,H,302.38,311.38,1566.0,28.93,174,0,No Failure
75,P00075,M,302.84,311.5,1865.0,36.34,206,1,Machine Failure
76,P00076,M,298.86,308.99,1346.0,38.49,236,1,Machine Failure
77,P00077,M,298.34,312.09,1285.0,26.04,25,0,No Failure
78,P00078,L,300.94,309.62,1431.0,45.91,120,0,No Failure
79,P00079,L,298.9,310.43,1854.0,32.76,141,0,No Failure
80,P00080,L,301.27,310.39,1558.0,38.05,249,1,Machine Failure
81,P00081,H,300.41,309.8,1341.0,35.48,181,0,No Failure
82,P00082,M,296.97,311.22,1645.0,32.11,198,0,No Failure
83,P00083,L,303.1,311.19,1169.0,39.93,45,0,No Failure
84,P00084,L,303.59,307.38,1704.0,37.84,121,0,No Failure
85,P00085,L,298.77,311.96,1623.0,36.28,30,0,No Failure
86,P00086,L,299.22,307.51,1408.0,32.72,215,1,Machine Failure
87,P00087,M,300.57,311.55,1248.0,43.2,58,0,No Failure
88,P00088,M,300.67,311.69,1234.0,56.54,222,1,Machine Failure
89,P00089,H,301.32,308.36,1660.0,41.4,28,0,No Failure
90,P00090,M,304.02,309.38,1869.0,49.96,105,0,No Failure
91,P00091,L,299.65,308.34,1309.0,26.1,223,1,Machine Failure
92,P00092,M,298.4,309.68,1638.0,41.58,16,0,No Failure
93,P00093,M,297.24,309.54,874.0,29.03,141,0,No Failure
94,P00094,M,298.54,311.17,1325.0,25.23,231,1,Machine Failure
95,P00095,M,299.93,311.97,1491.0,32.61,163,0,No Failure
96,P00096,M,303.59,312.09,1227.0,51.92,185,0,No Failure
97,P00097,M,298.96,309.16,1219.0,49.5,239,1,Machine Failure
98,P00098,M,300.45,309.69,1300.0,42.43,23,0,No Failure
99,P00099,L,299.97,307.47,1588.0,24.67,108,0,No Failure
100,P00100,L,302.38,308.79,1444.0,38.04,190,0,No Failure
101,P00101,L,305.05,311.45,829.0,43.02,245,1,Machine Failure
102,P00102,M,298.94,312.42,864.0,41.76,90,0,No Failure
103,P00103,L,299.02,308.15,1318.0,21.56,24,0,No Failure
104,P00104,M,302.09,309.11,1637.0,31.1,186,0,No Failure
105,P00105,H,301.36,309.96,676.0,39.36,31,0,No Failure
106,P00106,L,303.69,310.42,1350.0,45.36,115,0,No Failure
107,P00107,M,301.17,308.79,1342.0,18.04,81,0,No Failure
108,P00108,M,299.28,310.64,1917.0,38.38,109,0,No Failure
109,P00109,L,301.18,309.29,1384.0,41.43,145,0,No Failure
110,P00110,L,302.22,309.98,1615.0,48.5,36,0,No Failure
111,P00111,L,301.64,310.82,1542.0,46.93,25,0,No Failure
112,P00112,L,301.01,310.01,861.0,45.83,136,0,No Failure
113,P00113,H,302.13,309.35,1730.0,32.0,226,1,Machine Failure
114,P00114,H,302.34,309.84,1565.0,20.92,63,0,No Failure
115,P00115,M,302.76,309.87,1652.0,36.07,71,0,No Failure
116,P00116,H,301.3,309.44,2678.0,50.02,147,1,Machine Failure
117,P00117,H,299.67,309.61,875.0,53.93,181,0,No Failure
118,P00118,L,300.29,312.4,2017.0,47.11,105,1,Machine Failure
119,P00119,H,302.41,310.84,1414.0,44.29,85,0,No Failure
120,P00120,M,298.37,309.56,1586.0,43.8,210,1,Machine Failure
121,P00121,H,300.74,311.05,1486.0,34.44,157,0,No Failure
122,P00122,H,299.21,309.5,1373.0,38.7,52,0,No Failure
123,P00123,L,300.06,311.76,1329.0,56.69,91,1,Machine Failure
124,P00124,L,302.56,310.55,1599.0,30.57,98,0,No Failure
125,P00125,L,300.38,309.84,1045.0,56.15,234,1,Machine Failure
126,P00126,M,300.09,310.67,1725.0,36.78,190,0,No Failure
127,P00127,H,297.28,307.64,1375.0,53.25,10,0,No Failure
128,P00128,H,301.49,308.31,1161.0,25.93,30,0,No Failure
129,P00129,L,301.29,308.21,1365.0,45.86,176,0,No Failure
130,P00130,M,304.33,310.21,1877.0,32.63,239,1,Machine Failure
131,P00131,M,299.38,312.6,1339.0,25.85,230,1,Machine Failure
132,P00132,L,300.44,313.35,1608.0,42.19,99,0,No Failure
133,P00133,L,300.5,310.96,1281.0,50.09,221,1,Machine Failure
134,P00134,L,303.15,310.75,1727.0,31.55,86,0,No Failure
135,P00135,H,299.81,307.3,1706.0,25.01,146,0,No Failure
136,P00136,L,300.56,309.19,2055.0,39.08,139,1,Machine Failure
137,P00137,M,301.22,308.82,1447.0,39.13,14,0,No Failure
138,P00138,M,300.37,309.07,1701.0,45.48,158,0,No Failure
139,P00139,L,299.11,309.75,1529.0,49.5,170,0,No Failure
140,P00140,H,300.39,309.29,1889.0,39.41,100,0,No Failure
141,P00141,H,302.15,307.03,1284.0,58.56,164,1,Machine Failure
142,P00142,L,297.95,311.12,1724.0,42.24,206,1,Machine Failure
143,P00143,M,300.27,308.39,1442.0,36.54,28,0,No Failure
144,P00144,L,298.6,310.36,1481.0,23.88,113,0,No Failure
145,P00145,L,302.39,313.11,1528.0,37.37,106,0,No Failure
146,P00146,L,296.95,308.62,1576.0,36.64,153,0,No Failure
147,P00147,M,298.88,306.2,1465.0,49.6,107,0,No Failure
148,P00148,M,300.75,309.57,1564.0,44.62,129,0,No Failure
149,P00149,L,303.13,311.65,1973.0,28.21,83,0,No Failure
150,P00150,L,299.87,312.94,1796.0,41.72,14,0,No Failure
151,P00151,H,298.89,308.16,1761.0,46.72,243,1,Machine Failure
152,P00152,L,303.76,310.75,1363.0,55.28,131,1,Machine Failure
153,P00153,L,297.1,309.3,1233.0,48.88,213,1,Machine Failure
154,P00154,M,295.6,309.84,1787.0,47.61,49,0,No Failure
155,P00155,H,300.88,313.97,1763.0,40.6,165,0,No Failure
156,P00156,L,299.0,307.75,1942.0,43.88,22,0,No Failure
157,P00157,M,297.96,310.38,1319.0,52.5,58,0,No Failure
158,P00158,M,301.42,310.7,1431.0,26.67,89,0,No Failure
159,P00159,L,300.49,311.63,1008.0,36.51,114,0,No Failure
160,P00160,M,298.87,310.15,1382.0,32.27,74,0,No Failure
161,P00161,L,297.44,310.46,1799.0,43.79,155,0,No Failure
162,P00162,M,301.74,309.41,1360.0,52.3,247,1,Machine Failure
163,P00163,M,301.3,310.4,1692.0,34.03,193,0,No Failure
164,P00164,M,299.8,309.49,1443.0,16.1,122,0,No Failure
165,P00165,L,303.69,310.93,1597.0,35.88,135,0,No Failure
166,P00166,H,297.86,309.45,1156.0,49.13,156,0,No Failure
167,P00167,L,296.95,310.57,1526.0,45.38,138,0,No Failure
168,P00168,L,298.62,309.96,603.0,44.28,228,1,Machine Failure
169,P00169,L,299.91,311.69,1444.0,37.2,17,0,No Failure
170,P00170,M,300.49,309.92,1011.0,27.21,182,0,No Failure
171,P00171,M,299.52,307.34,1862.0,45.15,49,0,No Failure
172,P00172,L,300.7,311.89,1733.0,31.66,141,0,No Failure
173,P00173,M,297.5,308.64,1640.0,61.84,117,1,Machine Failure
174,P00174,L,302.89,309.02,1956.0,45.71,201,1,Machine Failure
175,P00175,M,299.84,309.11,1215.0,34.19,226,1,Machine Failure
176,P00176,L,302.23,312.06,2024.0,33.89,136,1,Machine Failure
177,P00177,M,300.69,306.8,1780.0,39.07,226,1,Machine Failure
178,P00178,L,300.91,314.71,1429.0,37.6,138,0,No Failure
179,P00179,H,301.14,311.58,1841.0,51.17,190,0,No Failure
180,P00180,L,300.9,310.33,1168.0,41.86,107,0,No Failure
181,P00181,L,301.29,309.92,1253.0,32.68,203,1,Machine Failure
182,P00182,L,302.66,310.43,1317.0,58.9,66,1,Machine Failure
183,P00183,H,300.39,310.78,1341.0,40.49,180,0,No Failure
184,P00184,H,301.42,310.97,1183.0,47.69,166,0,No Failure
185,P00185,L,299.82,310.83,1867.0,33.92,77,0,No Failure
186,P00186,M,302.88,310.13,1422.0,43.63,183,0,No Failure
187,P00187,H,298.65,309.7,1606.0,43.11,155,0,No Failure
188,P00188,M,303.6,309.77,1329.0,21.1,74,0,No Failure
189,P00189,M,299.92,309.71,954.0,60.15,38,1,Machine Failure
190,P00190,L,297.14,311.7,1581.0,52.91,24,0,No Failure
191,P00191,L,300.26,310.89,926.0,36.03,20,0,No Failure
192,P00192,H,298.64,305.59,1479.0,28.98,137,0,No Failure
193,P00193,H,301.68,310.98,1090.0,43.48,170,0,No Failure
194,P00194,M,298.69,310.29,2096.0,40.87,14,1,Machine Failure
195,P00195,L,299.11,309.97,1773.0,43.56,210,1,Machine Failure
196,P00196,L,296.22,309.42,1532.0,41.92,47,0,No Failure
197,P00197,M,299.1,311.69,1879.0,45.06,85,0,No Failure
198,P00198,H,295.15,311.42,1246.0,54.47,148,0,No Failure
199,P00199,H,296.83,308.84,1663.0,45.68,187,0,No Failure
200,P00200,M,301.52,310.61,1560.0,29.5,115,0,No Failure
201,P00201,M,301.57,308.54,1579.0,53.63,235,1,Machine Failure
202,P00202,L,300.85,307.93,1882.0,56.41,223,1,Machine Failure
203,P00203,L,298.07,309.06,1720.0,71.52,49,1,Machine Failure
204,P00204,H,299.9,311.29,1587.0,28.77,150,0,No Failure
205,P00205,M,299.99,311.43,1004.0,42.43,140,0,No Failure
206,P00206,L,297.68,310.77,1212.0,19.18,68,0,No Failure
207,P00207,L,303.01,311.09,1463.0,45.53,3,0,No Failure
208,P00208,M,301.75,310.77,1528.0,34.52,219,1,Machine Failure
209,P00209,L,299.56,309.04,1161.0,59.23,77,1,Machine Failure
210,P00210,L,300.05,310.65,2224.0,32.25,199,1,Machine Failure
211,P00211,M,300.42,311.2,1955.0,23.11,8,0,No Failure
212,P00212,M,295.92,311.13,1681.0,35.29,120,0,No Failure
213,P00213,M,299.51,311.78,1522.0,20.25,114,0,No Failure
214,P00214,L,298.64,311.06,1436.0,47.51,162,0,No Failure
215,P00215,M,298.0,310.53,1214.0,19.35,100,0,No Failure
216,P00216,L,299.44,311.61,1523.0,40.28,148,0,No Failure
217,P00217,L,303.6,309.96,1577.0,19.22,185,0,No Failure
218,P00218,M,301.28,308.68,1127.0,36.8,145,0,No Failure
219,P00219,M,298.86,309.76,1600.0,56.43,96,1,Machine Failure
220,P00220,H,301.15,308.88,1453.0,43.61,199,0,No Failure
221,P00221,M,302.8,308.99,928.0,31.37,242,1,Machine Failure
222,P00222,M,301.85,309.78,1242.0,39.69,240,1,Machine Failure
223,P00223,L,300.12,308.81,1376.0,40.18,80,0,No Failure
224,P00224,L,298.71,309.54,2066.0,44.73,42,1,Machine Failure
225,P00225,L,301.4,307.16,1667.0,26.33,94,0,No Failure
226,P00226,L,300.79,310.32,1099.0,45.93,225,1,Machine Failure
227,P00227,H,301.79,310.0,1646.0,12.96,5,0,No Failure
228,P00228,L,301.27,308.77,1036.0,33.7,213,1,Machine Failure
229,P00229,H,302.1,310.99,1825.0,35.12,205,1,Machine Failure
230,P00230,M,298.93,311.41,1359.0,46.33,66,0,No Failure
231,P00231,M,302.63,307.59,1472.0,40.23,139,0,No Failure
232,P00232,M,300.4,308.86,1898.0,25.94,99,0,No Failure
233,P00233,M,304.15,308.85,1114.0,30.15,11,0,No Failure
234,P00234,M,298.62,308.59,1081.0,41.99,236,1,Machine Failure
235,P00235,L,303.47,311.24,1325.0,39.21,65,0,No Failure
236,P00236,M,300.4,309.71,1812.0,34.21,1,0,No Failure
237,P00237,L,298.7,309.6,1044.0,35.19,142,0,No Failure
238,P00238,L,299.03,306.99,650.0,46.96,150,0,No Failure
239,P00239,M,299.36,310.95,1365.0,34.82,156,0,No Failure
240,P00240,L,300.85,308.14,1666.0,39.12,80,0,No Failure
241,P00241,H,301.05,310.09,1860.0,61.7,223,1,Machine Failure
242,P00242,H,298.85,310.42,1361.0,25.76,134,0,No Failure
243,P00243,H,299.95,312.04,1377.0,21.48,221,1,Machine Failure
244,P00244,L,304.28,308.04,1846.0,47.84,155,0,No Failure
245,P00245,L,303.46,305.47,939.0,33.21,141,0,No Failure
246,P00246,H,300.87,310.28,1383.0,36.82,171,0,No Failure
247,P00247,M,300.08,312.7,1557.0,32.19,157,0,No Failure
248,P00248,H,300.24,311.86,1635.0,37.4,208,1,Machine Failure
249,P00249,H,301.23,310.31,1347.0,55.99,159,1,Machine Failure
250,P00250,H,297.95,309.26,1510.0,48.02,237,1,Machine Failure
251,P00251,L,299.49,311.21,754.0,48.62,69,0,No Failure
252,P00252,L,296.66,308.54,1303.0,25.84,114,0,No Failure
253,P00253,H,300.8,310.71,1636.0,28.49,87,0,No Failure
254,P00254,L,301.29,310.76,1205.0,11.61,5,0,No Failure
255,P00255,L,299.03,311.59,1518.0,31.91,26,0,No Failure
256,P00256,M,303.15,314.14,1634.0,49.57,81,0,No Failure
257,P00257,H,297.55,310.59,1397.0,45.17,87,0,No Failure
258,P00258,M,297.07,309.24,1551.0,37.78,228,1,Machine Failure
259,P00259,M,300.45,309.96,1211.0,39.78,119,0,No Failure
260,P00260,L,302.09,307.35,1438.0,33.11,23,0,No Failure
261,P00261,M,303.37,308.96,1683.0,42.05,101,0,No Failure
262,P00262,H,299.08,309.39,1547.0,47.66,33,0,No Failure
263,P00263,L,302.16,309.21,1324.0,23.84,167,0,No Failure
264,P00264,M,299.92,310.23,1567.0,43.0,46,0,No Failure
265,P00265,H,299.65,308.77,1714.0,49.32,206,1,Machine Failure
266,P00266,M,301.77,311.68,885.0,35.85,202,1,Machine Failure
267,P00267,M,301.3,310.0,1848.0,47.01,213,1,Machine Failure
268,P00268,M,296.85,309.99,1399.0,68.15,245,1,Machine Failure
269,P00269,L,302.95,309.51,1628.0,38.96,23,0,No Failure
270,P00270,L,302.76,310.23,1859.0,43.93,64,0,No Failure
271,P00271,H,298.75,311.24,1088.0,32.62,17,0,No Failure
272,P00272,H,300.79,308.7,1287.0,41.81,43,0,No Failure
273,P00273,H,300.99,309.01,1413.0,44.6,75,0,No Failure
274,P00274,H,300.52,309.54,1265.0,41.95,56,0,No Failure
275,P00275,M,298.9,307.98,2020.0,29.8,106,1,Machine Failure
276,P00276,M,298.66,308.77,1243.0,42.06,155,0,No Failure
277,P00277,M,299.95,309.29,1333.0,54.62,231,1,Machine Failure
278,P00278,M,302.35,311.31,1561.0,44.49,123,0,No Failure
279,P00279,M,301.09,310.39,1139.0,49.62,198,0,No Failure
280,P00280,M,299.26,310.29,1381.0,37.63,150,0,No Failure
281,P00281,H,301.54,311.28,1595.0,47.5,212,1,Machine Failure
282,P00282,L,294.3,309.79,1400.0,42.79,161,0,No Failure
283,P00283,L,302.3,310.59,1472.0,30.49,138,0,No Failure
284,P00284,L,296.52,309.85,1341.0,43.19,213,1,Machine Failure
285,P00285,M,299.28,310.4,1046.0,30.08,233,1,Machine Failure
286,P00286,L,297.76,309.13,1596.0,33.67,162,0,No Failure
287,P00287,M,297.41,306.34,2026.0,41.89,115,1,Machine Failure
288,P00288,M,302.32,309.8,1506.0,42.97,92,0,No Failure
289,P00289,L,299.06,312.13,1568.0,28.11,41,0,No Failure
290,P00290,M,300.69,311.39,1708.0,50.54,27,0,No Failure
291,P00291,L,299.91,311.45,1119.0,45.72,122,0,No Failure
292,P00292,L,300.95,311.85,2011.0,32.95,209,1,Machine Failure
293,P00293,H,300.15,310.13,1561.0,24.62,205,1,Machine Failure
294,P00294,L,297.43,310.3,1990.0,38.55,209,1,Machine Failure
295,P00295,L,301.99,309.07,1280.0,35.54,219,1,Machine Failure
296,P00296,M,299.01,309.53,2045.0,41.13,23,1,Machine Failure
297,P00297,M,296.89,310.92,1733.0,36.37,135,0,No Failure
298,P00298,L,299.14,311.81,1666.0,19.93,105,0,No Failure
299,P00299,M,303.0,309.79,1570.0,36.12,117,0,No Failure
300,P00300,L,301.7,309.32,1425.0,36.94,236,1,Machine Failure
301,P00301,L,299.3,310.0,1860.0,46.34,52,0,No Failure
302,P00302,M,299.3,310.9,1542.0,33.02,199,0,No Failure
303,P00303,M,299.36,307.83,910.0,56.79,131,1,Machine Failure
304,P00304,M,304.15,306.56,1165.0,20.88,218,1,Machine Failure
305,P00305,M,300.76,309.17,1444.0,53.11,99,0,No Failure
306,P00306,H,300.86,308.17,1593.0,37.76,4,0,No Failure
307,P00307,M,302.06,309.24,1483.0,48.6,224,1,Machine Failure
308,P00308,L,300.48,309.78,1866.0,40.8,48,0,No Failure
309,P00309,M,299.48,309.32,915.0,51.4,97,0,No Failure
310,P00310,L,299.61,312.18,1543.0,36.13,29,0,No Failure
311,P00311,M,299.86,310.49,955.0,29.01,71,0,No Failure
312,P00312,L,299.93,310.45,1728.0,54.21,102,0,No Failure
313,P00313,L,301.46,310.93,1472.0,38.87,62,0,No Failure
314,P00314,H,300.1,308.29,1626.0,42.22,174,0,No Failure
315,P00315,H,301.47,311.56,1241.0,52.35,25,0,No Failure
316,P00316,M,299.84,309.89,1884.0,29.68,184,0,No Failure
317,P00317,M,300.16,311.01,1813.0,45.95,36,0,No Failure
318,P00318,L,296.0,308.39,1675.0,34.1,225,1,Machine Failure
319,P00319,L,301.83,307.67,1461.0,38.68,6,0,No Failure
320,P00320,L,300.69,311.23,1674.0,40.72,126,0,No Failure
321,P00321,M,302.0,310.56,1288.0,25.0,167,0,No Failure
322,P00322,M,294.21,308.65,1757.0,32.21,91,0,No Failure
323,P00323,M,304.18,308.7,1995.0,53.51,166,0,No Failure
324,P00324,L,299.72,311.69,1821.0,48.86,189,0,No Failure
325,P00325,H,302.22,308.22,1281.0,39.37,102,0,No Failure
326,P00326,M,297.92,312.46,1608.0,42.43,219,1,Machine Failure
327,P00327,M,301.23,308.65,1112.0,37.06,205,1,Machine Failure
328,P00328,M,297.89,310.96,1672.0,53.57,52,0,No Failure
329,P00329,M,298.75,309.51,1635.0,38.0,241,1,Machine Failure
330,P00330,L,303.83,310.9,939.0,42.32,229,1,Machine Failure
331,P00331,L,299.62,309.18,1151.0,51.46,131,0,No Failure
332,P00332,M,300.43,309.76,1415.0,32.23,233,1,Machine Failure
333,P00333,L,301.74,310.06,1410.0,55.59,209,1,Machine Failure
334,P00334,L,300.99,308.5,1137.0,24.7,107,0,No Failure
335,P00335,L,300.3,311.11,1617.0,56.3,111,1,Machine Failure
336,P00336,L,300.73,309.23,1575.0,36.27,152,0,No Failure
337,P00337,H,304.81,309.66,1442.0,37.57,6,0,No Failure
338,P00338,M,299.88,308.51,1273.0,21.1,229,1,Machine Failure
339,P00339,M,300.4,306.16,1815.0,35.45,155,0,No Failure
340,P00340,L,302.1,309.71,1997.0,29.6,196,0,No Failure
341,P00341,M,302.21,313.62,1355.0,33.92,66,0,No Failure
342,P00342,M,302.37,311.18,1316.0,38.63,107,0,No Failure
343,P00343,L,301.28,309.97,1647.0,49.58,222,1,Machine Failure
344,P00344,M,297.71,309.61,1393.0,42.08,110,0,No Failure
345,P00345,L,303.27,310.03,1458.0,43.08,233,1,Machine Failure
346,P00346,M,297.71,310.82,1722.0,29.04,249,1,Machine Failure
347,P00347,M,300.61,308.23,927.0,31.19,147,0,No Failure
348,P00348,L,298.49,311.67,1895.0,57.99,82,1,Machine Failure
349,P00349,L,299.87,311.07,1522.0,32.65,239,1,Machine Failure
350,P00350,M,300.66,311.08,1377.0,56.56,123,1,Machine Failure
351,P00351,M,300.64,310.66,1473.0,37.57,138,0,No Failure
352,P00352,H,300.84,310.03,1489.0,40.02,103,0,No Failure
353,P00353,M,303.23,311.01,981.0,50.7,66,0,No Failure
354,P00354,L,300.91,310.89,1948.0,52.72,214,1,Machine Failure
355,P00355,L,299.51,309.47,1512.0,38.89,6,0,No Failure
356,P00356,M,301.93,309.14,1633.0,36.12,150,0,No Failure
357,P00357,L,302.38,310.15,1785.0,39.44,188,0,No Failure
358,P00358,M,297.54,312.32,1194.0,43.38,198,0,No Failure
359,P00359,H,301.19,308.14,1642.0,48.91,109,0,No Failure
360,P00360,M,301.4,307.8,1420.0,40.04,33,0,No Failure
361,P00361,L,299.4,310.25,1754.0,46.19,105,0,No Failure
362,P00362,M,302.75,310.08,862.0,56.38,146,1,Machine Failure
363,P00363,M,299.7,310.26,1470.0,43.81,57,0,No Failure
364,P00364,M,300.25,310.37,1319.0,43.12,8,0,No Failure
365,P00365,H,299.65,309.67,1630.0,24.81,47,0,No Failure
366,P00366,L,300.03,312.23,1641.0,13.69,114,0,No Failure
367,P00367,H,297.81,307.6,1288.0,43.88,209,1,Machine Failure
368,P00368,H,297.12,308.76,1286.0,39.05,40,0,No Failure
369,P00369,L,303.19,309.85,1467.0,34.85,47,0,No Failure
370,P00370,L,298.31,307.54,1231.0,42.44,172,0,No Failure
371,P00371,L,298.02,309.74,1753.0,39.4,233,1,Machine Failure
372,P00372,L,295.69,312.49,1389.0,51.28,24,0,No Failure
373,P00373,L,298.72,310.03,628.0,40.86,115,0,No Failure
374,P00374,M,297.35,310.35,1388.0,32.53,77,0,No Failure
375,P00375,L,303.28,308.11,1188.0,49.9,107,0,No Failure
376,P00376,L,302.02,309.08,1011.0,37.83,24,0,No Failure
377,P00377,H,298.62,309.44,1129.0,45.27,146,0,No Failure
378,P00378,L,304.5,309.52,1533.0,35.23,38,0,No Failure
379,P00379,H,301.96,311.92,1899.0,33.5,118,0,No Failure
380,P00380,L,299.35,310.84,1594.0,40.84,78,0,No Failure
381,P00381,L,295.0,308.33,1318.0,40.13,79,0,No Failure
382,P00382,M,304.58,310.37,1637.0,44.8,26,0,No Failure
383,P00383,M,297.22,310.75,1362.0,37.31,103,0,No Failure
384,P00384,H,296.71,311.71,1292.0,21.64,73,0,No Failure
385,P00385,M,302.05,312.37,1154.0,35.67,190,0,No Failure
386,P00386,H,304.88,308.48,974.0,47.94,67,0,No Failure
387,P00387,L,302.77,308.78,1383.0,37.03,242,1,Machine Failure
388,P00388,L,301.13,308.11,1547.0,37.54,146,0,No Failure
389,P00389,M,301.19,309.65,1471.0,49.86,27,0,No Failure
390,P00390,H,301.71,310.7,1375.0,32.88,212,1,Machine Failure
391,P00391,H,301.52,311.48,1216.0,24.57,122,0,No Failure
392,P00392,M,300.56,309.89,1682.0,38.39,238,1,Machine Failure
393,P00393,L,300.21,309.52,1105.0,35.16,205,1,Machine Failure
394,P00394,M,299.87,310.23,1733.0,30.34,160,0,No Failure
395,P00395,L,298.49,308.75,1199.0,38.25,239,1,Machine Failure
396,P00396,H,299.44,313.13,1274.0,44.92,137,0,No Failure
397,P00397,H,296.61,307.59,1060.0,39.91,82,0,No Failure
398,P00398,M,299.8,310.28,1350.0,43.07,29,0,No Failure
399,P00399,M,298.02,313.04,1793.0,58.13,21,1,Machine Failure
400,P00400,M,297.79,310.01,1655.0,36.57,2,0,No Failure
401,P00401,L,300.36,309.71,1794.0,42.78,100,0,No Failure
402,P00402,H,302.78,309.46,1657.0,34.91,104,0,No Failure
403,P00403,M,301.84,309.73,1169.0,31.54,209,1,Machine Failure
404,P00404,H,296.86,312.06,1401.0,34.15,202,1,Machine Failure
405,P00405,L,298.02,306.68,1266.0,35.21,175,0,No Failure
406,P00406,H,301.88,312.3,1899.0,43.59,1,0,No Failure
407,P00407,L,298.04,307.86,1141.0,63.49,203,1,Machine Failure
408,P00408,L,299.55,309.6,1768.0,32.84,53,0,No Failure
409,P00409,H,301.1,309.36,1768.0,35.83,5,0,No Failure
410,P00410,L,298.06,310.88,2049.0,39.37,106,1,Machine Failure
411,P00411,L,300.21,307.6,1377.0,43.96,167,0,No Failure
412,P00412,H,297.33,310.69,1714.0,42.64,235,1,Machine Failure
413,P00413,H,298.8,313.04,2184.0,52.84,220,1,Machine Failure
414,P00414,M,300.64,307.96,1315.0,15.74,122,0,No Failure
415,P00415,M,296.81,310.28,1039.0,16.13,221,1,Machine Failure
416,P00416,M,300.88,309.01,936.0,35.04,1,0,No Failure
417,P00417,L,299.96,310.64,1714.0,50.97,200,0,No Failure
418,P00418,L,301.1,310.03,935.0,24.34,110,0,No Failure
419,P00419,M,300.45,309.04,1388.0,9.92,1,0,No Failure
420,P00420,M,302.73,310.73,1631.0,45.71,92,0,No Failure
421,P00421,M,300.25,312.71,1556.0,42.44,224,1,Machine Failure
422,P00422,M,299.14,309.71,1628.0,29.1,201,1,Machine Failure
423,P00423,L,300.24,311.08,1567.0,30.14,225,1,Machine Failure
424,P00424,M,301.09,308.06,1884.0,30.3,235,1,Machine Failure
425,P00425,L,300.1,308.57,1214.0,41.11,182,0,No Failure
426,P00426,M,300.08,310.71,1297.0,33.74,199,0,No Failure
427,P00427,M,298.6,312.23,1268.0,44.94,100,0,No Failure
428,P00428,H,298.67,310.53,1749.0,11.45,245,1,Machine Failure
429,P00429,L,297.19,309.53,1770.0,31.43,187,0,No Failure
430,P00430,L,303.5,310.0,1635.0,28.74,96,0,No Failure
431,P00431,L,297.51,308.12,1855.0,37.44,110,0,No Failure
432,P00432,M,298.61,310.91,1147.0,34.62,5,0,No Failure
433,P00433,M,298.56,311.32,2000.0,47.98,235,1,Machine Failure
434,P00434,L,301.79,309.32,1957.0,21.41,126,0,No Failure
435,P00435,L,299.41,309.29,1721.0,40.45,103,0,No Failure
436,P00436,M,302.5,310.4,2035.0,45.58,236,1,Machine Failure
437,P00437,L,298.65,309.34,1003.0,58.57,146,1,Machine Failure
438,P00438,H,300.56,309.9,1343.0,35.18,223,1,Machine Failure
439,P00439,M,298.33,313.15,1279.0,43.24,154,0,No Failure
440,P00440,L,304.29,309.63,1716.0,21.96,0,0,No Failure
441,P00441,L,297.62,309.46,1185.0,16.08,234,1,Machine Failure
442,P00442,H,300.62,309.03,1727.0,48.45,243,1,Machine Failure
443,P00443,L,301.27,311.12,1911.0,39.94,32,0,No Failure
444,P00444,L,300.83,309.73,1709.0,51.79,39,0,No Failure
445,P00445,H,299.63,309.03,1585.0,26.27,31,0,No Failure
446,P00446,H,299.74,311.98,1204.0,45.2,196,0,No Failure
447,P00447,H,300.09,312.13,1246.0,58.69,16,1,Machine Failure
448,P00448,M,299.71,309.1,1875.0,44.2,125,0,No Failure
449,P00449,L,301.93,307.2,1734.0,42.77,7,0,No Failure
450,P00450,L,304.42,311.51,1488.0,40.09,56,0,No Failure
451,P00451,M,298.89,308.97,1375.0,24.29,41,0,No Failure
452,P00452,M,297.26,311.19,892.0,53.56,97,0,No Failure
453,P00453,M,299.82,307.04,1179.0,33.89,136,0,No Failure
454,P00454,H,305.16,311.34,2073.0,45.04,119,1,Machine Failure
455,P00455,L,298.39,308.18,1116.0,24.37,86,0,No Failure
456,P00456,M,303.28,311.1,1557.0,28.21,162,0,No Failure
457,P00457,L,303.36,310.02,1802.0,54.35,241,1,Machine Failure
458,P00458,M,298.89,308.57,1124.0,36.53,198,0,No Failure
459,P00459,L,301.14,309.39,1555.0,54.53,206,1,Machine Failure
460,P00460,L,303.26,311.03,1781.0,39.22,180,0,No Failure
461,P00461,L,299.24,310.16,1504.0,21.58,53,0,No Failure
462,P00462,M,299.59,310.88,2361.0,48.92,83,1,Machine Failure
463,P00463,M,298.84,312.96,999.0,34.1,241,1,Machine Failure
464,P00464,M,297.97,307.65,1818.0,46.99,24,0,No Failure
465,P00465,H,298.7,312.43,1448.0,40.25,66,0,No Failure
466,P00466,L,297.55,310.16,1732.0,24.57,189,0,No Failure
467,P00467,L,300.07,308.65,1632.0,41.64,182,0,No Failure
468,P00468,H,298.46,308.0,1280.0,61.96,173,1,Machine Failure
469,P00469,L,300.47,309.72,1569.0,44.93,151,0,No Failure
470,P00470,H,296.89,311.38,943.0,39.42,225,1,Machine Failure
471,P00471,L,300.66,309.81,1681.0,50.75,45,0,No Failure
472,P00472,H,301.67,312.27,1589.0,42.11,21,0,No Failure
473,P00473,L,296.01,307.82,1692.0,42.1,138,0,No Failure
474,P00474,H,300.75,309.98,1817.0,29.08,175,0,No Failure
475,P00475,M,302.46,308.12,1610.0,42.34,7,0,No Failure
476,P00476,H,297.58,310.55,1544.0,50.35,38,0,No Failure
477,P00477,L,303.35,311.33,1236.0,31.64,234,1,Machine Failure
478,P00478,M,300.84,309.37,1286.0,54.24,162,0,No Failure
479,P00479,H,298.59,306.09,1856.0,39.08,48,0,No Failure
480,P00480,M,299.89,310.3,1931.0,31.12,45,0,No Failure
481,P00481,M,301.12,310.66,1429.0,49.98,37,0,No Failure
482,P00482,M,300.15,310.61,1514.0,37.13,135,0,No Failure
483,P00483,M,301.08,311.85,1229.0,47.6,53,0,No Failure
484,P00484,M,298.16,308.39,1852.0,37.08,164,0,No Failure
485,P00485,M,300.34,311.02,1700.0,39.4,218,1,Machine Failure
486,P00486,H,297.17,311.79,2082.0,44.94,91,1,Machine Failure
487,P00487,L,299.78,307.33,1237.0,42.91,39,0,No Failure
488,P00488,L,298.19,310.48,1387.0,20.04,33,0,No Failure
489,P00489,H,298.53,309.24,1569.0,28.79,95,0,No Failure
490,P00490,H,302.47,309.88,1694.0,49.29,78,0,No Failure
491,P00491,M,302.18,310.52,1435.0,38.68,235,1,Machine Failure
492,P00492,M,301.22,309.27,1238.0,34.76,126,0,No Failure
493,P00493,L,297.82,308.99,1764.0,26.41,16,0,No Failure
494,P00494,L,299.37,310.05,1716.0,29.2,160,0,No Failure
495,P00495,M,302.43,308.37,1225.0,19.78,174,0,No Failure
496,P00496,L,300.28,308.37,1907.0,38.99,109,0,No Failure
497,P00497,M,304.64,311.02,1851.0,34.02,51,0,No Failure
498,P00498,L,300.79,308.28,1540.0,30.33,117,0,No Failure
499,P00499,H,300.38,311.0,1524.0,39.32,207,1,Machine Failure
500,P00500,H,299.38,310.69,1666.0,43.64,220,1,Machine Failure
501,P00501,M,300.27,307.41,1241.0,60.93,8,1,Machine Failure
502,P00502,M,299.7,308.98,1509.0,24.88,32,0,No Failure
503,P00503,L,301.42,311.79,854.0,51.59,187,0,No Failure
504,P00504,H,301.91,308.53,1763.0,49.73,112,0,No Failure
505,P00505,M,298.43,309.3,1032.0,32.21,220,1,Machine Failure
506,P00506,L,297.34,310.69,1951.0,42.03,204,1,Machine Failure
507,P00507,H,296.33,311.18,1401.0,35.42,148,0,No Failure
508,P00508,H,301.02,309.62,1436.0,41.86,185,0,No Failure
509,P00509,H,297.79,309.1,1312.0,55.09,84,1,Machine Failure
510,P00510,M,295.69,312.13,1414.0,46.06,196,0,No Failure
511,P00511,M,300.78,312.61,1926.0,45.09,9,0,No Failure
512,P00512,M,304.99,311.47,754.0,35.7,5,0,No Failure
513,P00513,H,299.99,310.13,1883.0,25.16,247,1,Machine Failure
514,P00514,H,301.68,308.79,1601.0,37.92,114,0,No Failure
515,P00515,L,300.16,308.75,1138.0,52.07,120,0,No Failure
516,P00516,L,299.8,310.78,1177.0,24.73,140,0,No Failure
517,P00517,L,301.84,310.63,2003.0,29.45,64,1,Machine Failure
518,P00518,H,299.42,312.1,1216.0,41.26,19,0,No Failure
519,P00519,H,300.53,310.98,1154.0,30.15,56,0,No Failure
520,P00520,L,300.64,307.75,1841.0,32.07,238,1,Machine Failure
521,P00521,M,298.66,311.58,1602.0,35.76,45,0,No Failure
522,P00522,L,301.98,308.5,1219.0,26.34,135,0,No Failure
523,P00523,H,299.65,309.42,1565.0,30.26,9,0,No Failure
524,P00524,H,298.49,310.38,1192.0,47.03,200,0,No Failure
525,P00525,H,301.07,312.99,1830.0,26.93,112,0,No Failure
526,P00526,M,298.2,314.66,1818.0,24.02,232,1,Machine Failure
527,P00527,M,300.06,310.91,1660.0,33.7,194,0,No Failure
528,P00528,L,299.98,309.73,1608.0,47.32,138,0,No Failure
529,P00529,L,302.17,310.8,2028.0,38.03,11,1,Machine Failure
530,P00530,H,300.95,311.33,1500.0,35.35,137,0,No Failure
531,P00531,H,299.95,309.52,1145.0,40.44,152,0,No Failure
532,P00532,H,301.64,312.69,1635.0,22.54,176,0,No Failure
533,P00533,H,302.78,310.35,2126.0,44.95,176,1,Machine Failure
534,P00534,M,301.12,310.75,1196.0,43.83,216,1,Machine Failure
535,P00535,M,300.02,311.0,1392.0,35.91,10,0,No Failure
536,P00536,H,297.38,310.63,1625.0,50.06,189,0,No Failure
537,P00537,H,297.87,311.26,1484.0,28.73,117,0,No Failure
538,P00538,L,299.39,309.07,1205.0,51.28,163,0,No Failure
539,P00539,M,298.78,309.16,1837.0,41.54,38,0,No Failure
540,P00540,L,299.63,308.35,2196.0,36.63,52,1,Machine Failure
541,P00541,H,300.11,310.66,1559.0,39.8,217,1,Machine Failure
542,P00542,M,301.06,311.17,1229.0,38.93,205,1,Machine Failure
543,P00543,L,299.86,310.69,1035.0,52.2,230,1,Machine Failure
544,P00544,M,300.97,312.51,1577.0,29.23,55,0,No Failure
545,P00545,M,300.13,309.99,1831.0,32.37,103,0,No Failure
546,P00546,L,296.05,311.0,1643.0,50.36,128,0,No Failure
547,P00547,L,298.12,308.36,1499.0,34.04,55,0,No Failure
548,P00548,M,299.71,309.42,1323.0,49.01,117,0,No Failure
549,P00549,M,297.58,311.04,1172.0,56.99,131,1,Machine Failure
550,P00550,M,301.2,311.27,1750.0,35.98,29,0,No Failure
551,P00551,M,303.06,309.56,1774.0,46.81,11,0,No Failure
552,P00552,H,302.44,309.89,1036.0,28.46,247,1,Machine Failure
553,P00553,M,299.57,307.72,1977.0,47.55,34,0,No Failure
554,P00554,M,302.98,309.46,1672.0,41.99,76,0,No Failure
555,P00555,H,300.3,311.34,1920.0,44.73,179,0,No Failure
556,P00556,M,299.33,310.86,1097.0,33.54,158,0,No Failure
557,P00557,L,298.77,310.75,1090.0,23.39,101,0,No Failure
558,P00558,L,299.4,310.07,1455.0,45.03,234,1,Machine Failure
559,P00559,M,299.22,310.01,1651.0,19.37,86,0,No Failure
560,P00560,M,300.34,309.01,2039.0,36.83,195,1,Machine Failure
561,P00561,M,300.32,311.05,1712.0,49.41,51,0,No Failure
562,P00562,L,300.01,310.63,1427.0,41.92,79,0,No Failure
563,P00563,L,300.87,310.74,1192.0,59.48,134,1,Machine Failure
564,P00564,L,302.38,309.21,1869.0,50.25,21,0,No Failure
565,P00565,L,301.9,306.77,1211.0,33.46,220,1,Machine Failure
566,P00566,M,297.03,311.65,1989.0,40.27,74,0,No Failure
567,P00567,L,294.89,309.28,1415.0,39.53,183,0,No Failure
568,P00568,M,301.87,308.71,1977.0,24.18,224,1,Machine Failure
569,P00569,H,297.27,311.04,1704.0,30.6,57,0,No Failure
570,P00570,L,299.55,309.41,1459.0,34.39,92,0,No Failure
571,P00571,M,297.66,311.59,1344.0,19.64,191,0,No Failure
572,P00572,M,296.4,310.93,1398.0,40.47,102,0,No Failure
573,P00573,L,301.08,311.03,1628.0,37.51,139,0,No Failure
574,P00574,M,301.52,307.95,1523.0,23.27,6,0,No Failure
575,P00575,H,298.85,311.82,1322.0,44.04,127,0,No Failure
576,P00576,H,294.82,310.39,1450.0,47.16,54,0,No Failure
577,P00577,L,298.91,309.45,1524.0,42.27,230,1,Machine Failure
578,P00578,H,300.78,310.22,861.0,36.76,105,0,No Failure
579,P00579,M,297.04,307.34,1637.0,45.91,61,0,No Failure
580,P00580,L,300.37,310.61,1206.0,46.8,239,1,Machine Failure
581,P00581,M,299.97,308.46,1154.0,43.07,89,0,No Failure
582,P00582,H,301.16,307.97,994.0,31.75,231,1,Machine Failure
583,P00583,M,300.24,307.72,962.0,42.77,200,0,No Failure
584,P00584,L,298.05,311.67,1093.0,51.95,232,1,Machine Failure
585,P00585,M,302.39,309.06,1287.0,34.03,97,0,No Failure
586,P00586,L,299.68,312.3,2086.0,60.98,236,1,Machine Failure
587,P00587,L,299.95,309.2,1342.0,34.74,76,0,No Failure
588,P00588,L,298.13,307.44,1553.0,40.32,182,0,No Failure
589,P00589,L,299.11,308.33,1620.0,33.28,118,0,No Failure
590,P00590,L,298.23,311.85,1539.0,42.23,35,0,No Failure
591,P00591,L,299.65,309.77,1477.0,22.58,88,0,No Failure
592,P00592,M,303.42,309.18,1141.0,34.54,151,0,No Failure
593,P00593,L,297.26,310.24,1935.0,29.08,171,0,No Failure
594,P00594,L,296.77,310.75,2042.0,41.35,144,1,Machine Failure
595,P00595,H,302.94,311.68,995.0,49.94,129,0,No Failure
596,P00596,M,299.58,312.17,1193.0,46.46,140,0,No Failure
597,P00597,M,298.66,309.46,1416.0,16.28,158,0,No Failure
598,P00598,L,302.08,308.01,1211.0,60.42,92,1,Machine Failure
599,P00599,L,298.79,309.38,1652.0,42.95,113,0,No Failure
600,P00600,L,303.65,310.39,1282.0,32.24,27,0,No Failure
601,P00601,L,301.36,308.55,2150.0,41.57,187,1,Machine Failure
602,P00602,L,299.02,308.56,1857.0,41.76,154,0,No Failure
603,P00603,L,304.31,310.52,1564.0,33.33,142,0,No Failure
604,P00604,L,298.79,309.93,1808.0,41.98,222,1,Machine Failure
605,P00605,L,301.48,310.05,1832.0,33.93,231,1,Machine Failure
606,P00606,M,300.6,308.86,1331.0,35.96,206,1,Machine Failure
607,P00607,L,302.6,309.65,1255.0,33.14,32,0,No Failure
608,P00608,L,303.12,308.61,1523.0,25.67,19,0,No Failure
609,P00609,M,300.06,311.34,1758.0,41.46,169,0,No Failure
610,P00610,M,298.49,311.55,1542.0,45.85,139,0,No Failure
611,P00611,L,300.92,307.23,1027.0,45.15,100,0,No Failure
612,P00612,M,298.64,308.61,1259.0,48.2,200,0,No Failure
613,P00613,M,304.03,307.76,1478.0,43.24,22,0,No Failure
614,P00614,L,300.27,309.02,1477.0,34.67,199,0,No Failure
615,P00615,H,299.27,309.87,2092.0,48.4,223,1,Machine Failure
616,P00616,H,300.37,307.83,1084.0,26.42,111,0,No Failure
617,P00617,L,297.31,308.62,1652.0,30.99,13,0,No Failure
618,P00618,L,298.06,308.49,1947.0,30.36,90,0,No Failure
619,P00619,H,302.4,310.31,2181.0,50.8,152,1,Machine Failure
620,P00620,M,298.69,310.1,1379.0,49.43,76,0,No Failure
621,P00621,L,297.91,308.92,1647.0,44.87,246,1,Machine Failure
622,P00622,L,301.07,310.27,1671.0,50.72,84,0,No Failure
623,P00623,L,302.37,309.18,1559.0,31.21,108,0,No Failure
624,P00624,M,301.44,309.59,1470.0,43.49,30,0,No Failure
625,P00625,M,301.99,312.51,1631.0,38.75,228,1,Machine Failure
626,P00626,L,298.49,312.01,740.0,48.47,239,1,Machine Failure
627,P00627,M,297.16,308.05,1705.0,38.85,121,0,No Failure
628,P00628,M,303.0,311.24,1538.0,36.15,106,0,No Failure
629,P00629,L,299.35,311.22,1433.0,45.41,53,0,No Failure
630,P00630,L,299.5,308.28,2114.0,48.76,132,1,Machine Failure
631,P00631,M,302.66,311.23,1298.0,33.32,140,0,No Failure
632,P00632,H,301.11,312.31,1379.0,39.39,155,0,No Failure
633,P00633,M,300.91,308.32,2097.0,29.42,42,1,Machine Failure
634,P00634,M,304.33,308.62,1250.0,15.02,88,0,No Failure
635,P00635,L,298.71,311.53,1335.0,42.0,114,0,No Failure
636,P00636,M,301.86,310.41,1456.0,46.09,98,0,No Failure
637,P00637,M,300.11,310.83,1752.0,42.62,46,0,No Failure
638,P00638,L,300.54,310.51,1562.0,20.5,230,1,Machine Failure
639,P00639,L,303.06,310.59,1112.0,36.49,70,0,No Failure
640,P00640,L,301.02,308.01,1340.0,17.82,165,0,No Failure
641,P00641,L,301.08,311.57,1318.0,53.7,223,1,Machine Failure
642,P00642,L,302.15,311.75,1477.0,29.14,66,0,No Failure
643,P00643,L,299.27,309.66,1628.0,52.55,61,0,No Failure
644,P00644,L,298.32,309.93,1625.0,49.46,108,0,No Failure
645,P00645,L,297.91,307.7,967.0,30.99,166,0,No Failure
646,P00646,H,296.07,310.77,1819.0,28.67,36,0,No Failure
647,P00647,M,304.11,310.86,1576.0,43.5,118,0,No Failure
648,P00648,M,297.79,309.91,1915.0,31.56,241,1,Machine Failure
649,P00649,M,299.56,311.69,1633.0,41.02,85,0,No Failure
650,P00650,M,299.45,309.5,1830.0,35.17,125,0,No Failure
651,P00651,L,300.61,310.85,1640.0,22.19,135,0,No Failure
652,P00652,M,301.63,308.47,1904.0,17.7,208,1,Machine Failure
653,P00653,M,301.72,309.96,1657.0,42.27,51,0,No Failure
654,P00654,M,298.83,309.74,1471.0,34.38,90,0,No Failure
655,P00655,M,299.67,310.34,2182.0,34.47,32,1,Machine Failure
656,P00656,L,300.57,309.45,1767.0,46.96,237,1,Machine Failure
657,P00657,L,299.5,309.8,1672.0,51.73,80,0,No Failure
658,P00658,L,303.21,311.24,1117.0,37.27,41,0,No Failure
659,P00659,M,300.98,309.34,1114.0,36.59,203,1,Machine Failure
660,P00660,M,301.47,307.59,1588.0,45.0,111,0,No Failure
661,P00661,L,301.33,312.62,1544.0,26.43,237,1,Machine Failure
662,P00662,H,302.35,312.07,1316.0,42.23,125,0,No Failure
663,P00663,M,300.36,308.06,1542.0,45.52,154,0,No Failure
664,P00664,L,297.41,311.03,1977.0,46.8,239,1,Machine Failure
665,P00665,L,300.8,309.25,1709.0,20.63,135,0,No Failure
666,P00666,L,298.7,310.4,1158.0,32.39,150,0,No Failure
667,P00667,L,298.94,310.44,1467.0,31.22,105,0,No Failure
668,P00668,L,301.17,309.65,1259.0,41.0,124,0,No Failure
669,P00669,L,302.48,308.82,1384.0,44.81,112,0,No Failure
670,P00670,L,300.04,308.96,1376.0,54.97,63,0,No Failure
671,P00671,L,300.62,308.63,1357.0,35.05,122,0,No Failure
672,P00672,H,303.4,308.75,1123.0,35.02,220,1,Machine Failure
673,P00673,L,300.48,309.9,1462.0,51.5,113,0,No Failure
674,P00674,M,305.2,308.93,1332.0,42.97,19,0,No Failure
675,P00675,M,301.13,311.02,621.0,52.68,15,0,No Failure
676,P00676,H,296.48,312.23,2116.0,42.89,144,1,Machine Failure
677,P00677,L,301.51,309.13,1827.0,28.43,207,1,Machine Failure
678,P00678,L,300.76,310.36,1387.0,26.67,18,0,No Failure
679,P00679,H,302.58,310.75,1506.0,24.48,119,0,No Failure
680,P00680,H,301.35,310.71,1149.0,46.62,247,1,Machine Failure
681,P00681,H,299.72,310.11,2009.0,51.89,135,1,Machine Failure
682,P00682,L,297.55,311.11,2069.0,58.49,165,1,Machine Failure
683,P00683,L,299.58,310.72,1547.0,48.43,37,0,No Failure
684,P00684,M,298.3,308.14,1807.0,51.63,180,0,No Failure
685,P00685,H,298.84,311.3,1553.0,34.2,92,0,No Failure
686,P00686,M,301.18,311.33,1099.0,28.44,104,0,No Failure
687,P00687,M,303.34,308.86,1376.0,48.5,99,0,No Failure
688,P00688,L,300.79,310.06,1540.0,44.18,89,0,No Failure
689,P00689,M,297.61,311.02,1364.0,41.07,158,0,No Failure
690,P00690,L,300.89,309.69,1434.0,43.87,43,0,No Failure
691,P00691,L,302.39,311.61,1473.0,43.23,187,0,No Failure
692,P00692,M,298.78,313.55,1476.0,52.84,75,0,No Failure
693,P00693,M,299.73,308.82,1516.0,52.95,246,1,Machine Failure
694,P00694,L,300.03,307.93,1182.0,45.44,144,0,No Failure
695,P00695,L,298.43,310.46,1285.0,48.46,78,0,No Failure
696,P00696,M,301.3,311.08,1115.0,45.14,72,0,No Failure
697,P00697,L,299.76,309.65,1793.0,35.39,166,0,No Failure
698,P00698,M,300.84,312.18,868.0,47.57,169,0,No Failure
699,P00699,L,298.23,307.99,1846.0,26.06,175,0,No Failure
700,P00700,M,299.13,311.04,1916.0,50.54,139,0,No Failure
701,P00701,M,301.44,309.09,1409.0,28.05,95,0,No Failure
702,P00702,L,299.25,312.58,719.0,42.86,88,0,No Failure
703,P00703,L,303.45,312.99,1392.0,31.55,102,0,No Failure
704,P00704,L,299.2,308.85,1481.0,45.53,145,0,No Failure
705,P00705,L,300.45,309.18,1197.0,39.66,206,1,Machine Failure
706,P00706,H,301.87,311.29,1345.0,24.05,223,1,Machine Failure
707,P00707,L,297.16,309.42,1959.0,44.21,5,0,No Failure
708,P00708,H,296.48,309.93,1699.0,34.22,121,0,No Failure
709,P00709,L,296.95,310.04,1223.0,48.81,235,1,Machine Failure
710,P00710,M,302.53,307.12,1021.0,40.01,170,0,No Failure
711,P00711,M,298.9,309.98,1402.0,43.95,115,0,No Failure
712,P00712,M,305.12,308.97,1436.0,30.42,162,0,No Failure
713,P00713,M,298.87,309.26,1649.0,34.11,225,1,Machine Failure
714,P00714,M,300.37,312.17,1339.0,35.41,229,1,Machine Failure
715,P00715,L,303.08,308.12,1653.0,48.57,247,1,Machine Failure
716,P00716,H,304.01,311.22,2081.0,56.77,181,1,Machine Failure
717,P00717,H,304.12,309.58,1745.0,31.95,248,1,Machine Failure
718,P00718,H,302.42,309.58,1486.0,50.77,61,0,No Failure
719,P00719,L,302.05,311.19,1445.0,18.3,196,0,No Failure
720,P00720,M,301.19,310.51,1393.0,28.06,209,1,Machine Failure
721,P00721,H,301.56,310.86,1854.0,30.41,143,0,No Failure
722,P00722,L,298.9,311.45,1312.0,26.47,135,0,No Failure
723,P00723,L,298.36,309.5,1514.0,24.16,88,0,No Failure
724,P00724,M,299.99,309.08,1515.0,44.13,95,0,No Failure
725,P00725,M,299.66,308.37,1349.0,37.86,125,0,No Failure
726,P00726,H,299.09,308.76,1088.0,43.79,89,0,No Failure
727,P00727,L,301.39,314.42,1597.0,46.9,243,1,Machine Failure
728,P00728,M,301.91,311.87,1482.0,42.66,85,0,No Failure
729,P00729,L,300.18,307.97,1650.0,46.58,158,0,No Failure
730,P00730,L,302.96,308.02,1340.0,39.3,234,1,Machine Failure
731,P00731,L,297.72,310.72,1866.0,28.13,137,0,No Failure
732,P00732,H,299.61,310.82,1237.0,50.58,183,0,No Failure
733,P00733,M,298.57,310.82,2014.0,34.11,120,1,Machine Failure
734,P00734,M,296.27,309.62,976.0,30.64,75,0,No Failure
735,P00735,L,299.83,309.81,1630.0,38.22,244,1,Machine Failure
736,P00736,H,299.76,310.49,1643.0,30.87,91,0,No Failure
737,P00737,L,303.03,310.13,1261.0,35.83,69,0,No Failure
738,P00738,H,301.26,306.67,1627.0,43.44,147,0,No Failure
739,P00739,M,297.95,309.66,1884.0,43.48,132,0,No Failure
740,P00740,L,303.71,308.72,835.0,31.02,22,0,No Failure
741,P00741,M,302.44,310.26,1651.0,35.12,136,0,No Failure
742,P00742,L,301.16,314.48,752.0,50.74,57,0,No Failure
743,P00743,M,299.55,310.55,1210.0,44.96,186,0,No Failure
744,P00744,M,298.08,309.53,1989.0,60.75,220,1,Machine Failure
745,P00745,L,299.26,311.38,1325.0,51.8,207,1,Machine Failure
746,P00746,H,302.18,310.72,1148.0,51.44,181,0,No Failure
747,P00747,L,303.77,310.63,1441.0,26.12,45,0,No Failure
748,P00748,M,303.09,310.91,2120.0,47.64,21,1,Machine Failure
749,P00749,H,299.02,313.08,950.0,39.47,191,0,No Failure
750,P00750,M,297.76,308.3,1185.0,34.49,7,0,No Failure
751,P00751,L,300.28,310.71,1949.0,41.68,122,0,No Failure
752,P00752,H,296.46,308.61,2057.0,49.45,19,1,Machine Failure
753,P00753,M,300.65,310.83,1469.0,45.01,178,0,No Failure
754,P00754,L,299.7,308.62,1128.0,31.22,77,0,No Failure
755,P00755,L,299.07,309.37,2129.0,47.42,38,1,Machine Failure
756,P00756,M,296.81,309.56,1978.0,33.62,36,0,No Failure
757,P00757,M,301.03,311.46,1704.0,42.17,177,0,No Failure
758,P00758,M,298.93,311.38,1256.0,36.97,161,0,No Failure
759,P00759,H,297.66,308.13,1485.0,37.81,74,0,No Failure
760,P00760,M,294.26,310.08,1452.0,47.66,117,0,No Failure
761,P00761,L,299.94,308.94,1599.0,29.6,103,0,No Failure
762,P00762,L,303.54,308.11,1935.0,59.45,160,1,Machine Failure
763,P00763,L,303.32,309.67,1764.0,21.79,30,0,No Failure
764,P00764,M,299.09,309.54,1177.0,34.02,122,0,No Failure
765,P00765,L,298.8,313.64,1913.0,43.7,53,0,No Failure
766,P00766,M,300.94,310.65,1594.0,45.84,171,0,No Failure
767,P00767,M,298.0,307.93,1706.0,39.0,33,0,No Failure
768,P00768,H,300.6,309.15,1940.0,39.43,241,1,Machine Failure
769,P00769,L,301.53,311.53,1167.0,44.11,198,0,No Failure
770,P00770,H,302.45,313.13,1489.0,37.69,121,0,No Failure
771,P00771,L,299.8,307.62,1341.0,53.93,112,0,No Failure
772,P00772,H,299.59,307.18,1030.0,48.39,245,1,Machine Failure
773,P00773,L,298.24,312.81,1604.0,48.73,61,0,No Failure
774,P00774,L,298.35,310.58,2253.0,30.34,22,1,Machine Failure
775,P00775,M,299.55,308.7,948.0,39.21,45,0,No Failure
776,P00776,L,300.73,310.8,1490.0,37.0,55,0,No Failure
777,P00777,L,301.83,306.05,1692.0,29.94,134,0,No Failure
778,P00778,M,298.39,310.01,1537.0,43.6,117,0,No Failure
779,P00779,M,302.99,310.49,1466.0,34.62,216,1,Machine Failure
780,P00780,M,299.46,311.39,1110.0,46.55,188,0,No Failure
781,P00781,M,299.96,308.48,1570.0,29.3,130,0,No Failure
782,P00782,M,298.51,310.13,1273.0,57.19,165,1,Machine Failure
783,P00783,L,295.15,308.61,843.0,31.04,211,1,Machine Failure
784,P00784,L,301.77,310.38,1858.0,42.19,161,0,No Failure
785,P00785,L,301.47,308.66,1788.0,47.92,112,0,No Failure
786,P00786,H,299.44,309.39,1515.0,34.29,43,0,No Failure
787,P00787,M,300.13,308.51,1569.0,48.52,127,0,No Failure
788,P00788,M,301.03,310.98,1822.0,27.71,107,0,No Failure
789,P00789,M,296.87,311.29,1567.0,54.52,157,0,No Failure
790,P00790,H,298.94,309.65,1771.0,40.14,16,0,No Failure
791,P00791,L,301.59,310.06,1411.0,34.04,58,0,No Failure
792,P00792,M,297.49,307.83,1894.0,37.01,137,0,No Failure
793,P00793,M,300.59,309.55,1596.0,48.09,98,0,No Failure
794,P00794,M,297.29,309.92,1558.0,34.16,83,0,No Failure
795,P00795,L,300.93,313.93,1119.0,32.51,145,0,No Failure
796,P00796,H,299.93,308.33,1586.0,37.78,44,0,No Failure
797,P00797,H,296.77,312.2,1250.0,28.23,107,0,No Failure
798,P00798,M,302.33,311.5,1309.0,58.21,218,1,Machine Failure
799,P00799,M,298.53,310.42,1255.0,34.34,186,0,No Failure
800,P00800,H,298.38,312.64,1180.0,48.32,61,0,No Failure
801,P00801,M,300.4,310.56,2137.0,42.09,58,1,Machine Failure
802,P00802,L,302.3,310.58,1899.0,30.15,176,0,No Failure
803,P00803,M,297.97,309.92,2076.0,39.94,227,1,Machine Failure
804,P00804,M,300.12,311.84,1133.0,47.84,190,0,No Failure
805,P00805,M,300.86,311.64,1521.0,38.12,214,1,Machine Failure
806,P00806,M,301.39,309.06,1112.0,51.93,159,0,No Failure
807,P00807,H,300.35,308.02,1291.0,50.22,137,0,No Failure
808,P00808,H,299.27,309.7,1225.0,49.19,10,0,No Failure
809,P00809,M,298.34,308.8,1872.0,35.4,101,0,No Failure
810,P00810,L,300.17,309.9,1381.0,29.2,69,0,No Failure
811,P00811,H,297.86,311.86,1821.0,33.86,122,0,No Failure
812,P00812,H,294.16,309.31,1681.0,41.96,232,1,Machine Failure
813,P00813,L,300.87,309.94,2191.0,45.46,189,1,Machine Failure
814,P00814,H,301.81,310.09,1056.0,18.28,174,0,No Failure
815,P00815,H,295.27,311.27,1878.0,39.92,33,0,No Failure
816,P00816,M,297.98,306.63,1844.0,41.58,227,1,Machine Failure
817,P00817,M,301.24,309.09,1208.0,37.22,100,0,No Failure
818,P00818,L,304.11,310.32,1802.0,52.91,144,0,No Failure
819,P00819,L,300.04,311.8,1601.0,44.22,231,1,Machine Failure
820,P00820,L,298.54,309.26,1432.0,53.1,103,0,No Failure
821,P00821,H,299.63,307.19,1253.0,37.84,181,0,No Failure
822,P00822,L,302.75,310.93,1284.0,49.37,203,1,Machine Failure
823,P00823,L,298.71,309.05,2115.0,56.35,212,1,Machine Failure
824,P00824,L,298.4,308.22,1500.0,53.12,39,0,No Failure
825,P00825,M,299.03,309.06,1735.0,29.08,18,0,No Failure
826,P00826,H,298.09,309.72,1263.0,37.46,66,0,No Failure
827,P00827,L,300.25,309.09,1266.0,36.55,81,0,No Failure
828,P00828,L,303.25,306.69,1825.0,44.89,180,0,No Failure
829,P00829,M,300.65,311.35,1095.0,46.86,242,1,Machine Failure
830,P00830,M,299.5,311.91,1375.0,31.61,63,0,No Failure
831,P00831,L,299.42,310.98,1510.0,40.68,82,0,No Failure
832,P00832,M,296.87,308.29,1533.0,19.8,46,0,No Failure
833,P00833,L,301.77,309.7,1446.0,54.42,5,0,No Failure
834,P00834,L,299.84,309.99,1619.0,34.88,15,0,No Failure
835,P00835,M,299.64,310.9,1708.0,40.56,199,0,No Failure
836,P00836,M,306.39,311.0,1720.0,36.9,239,1,Machine Failure
837,P00837,H,300.6,308.9,1204.0,51.46,145,0,No Failure
838,P00838,L,298.5,310.12,1415.0,11.62,179,0,No Failure
839,P00839,M,299.15,310.69,1858.0,39.83,175,0,No Failure
840,P00840,M,302.3,312.18,1768.0,38.94,170,0,No Failure
841,P00841,L,300.23,311.06,1088.0,35.46,38,0,No Failure
842,P00842,M,297.12,311.18,1605.0,57.26,176,1,Machine Failure
843,P00843,L,301.84,310.13,907.0,31.13,112,0,No Failure
844,P00844,H,298.66,312.12,1514.0,47.72,139,0,No Failure
845,P00845,L,303.75,310.61,2069.0,43.56,236,1,Machine Failure
846,P00846,M,302.16,308.71,1216.0,52.62,137,0,No Failure
847,P00847,L,299.11,312.11,1250.0,33.33,70,0,No Failure
848,P00848,H,302.56,311.05,1729.0,32.67,109,0,No Failure
849,P00849,M,300.14,309.34,1037.0,50.96,54,0,No Failure
850,P00850,M,301.71,309.28,1310.0,44.25,128,0,No Failure
851,P00851,L,300.97,310.44,1679.0,24.55,48,0,No Failure
852,P00852,M,298.31,310.69,1310.0,34.61,163,0,No Failure
853,P00853,L,298.71,310.3,1429.0,43.86,20,0,No Failure
854,P00854,H,302.06,310.47,1723.0,48.38,36,0,No Failure
855,P00855,L,299.33,312.55,1626.0,33.21,115,0,No Failure
856,P00856,L,299.19,311.61,1580.0,10.86,23,0,No Failure
857,P00857,L,298.09,310.29,1398.0,45.23,54,0,No Failure
858,P00858,M,300.85,311.41,1611.0,27.8,24,0,No Failure
859,P00859,M,304.13,308.45,1463.0,19.83,134,0,No Failure
860,P00860,L,297.86,310.6,1637.0,11.68,126,0,No Failure
861,P00861,M,300.05,312.71,1351.0,48.14,233,1,Machine Failure
862,P00862,M,302.82,309.67,1445.0,41.29,208,1,Machine Failure
863,P00863,M,299.84,308.73,1203.0,37.74,92,0,No Failure
864,P00864,M,300.9,309.02,1489.0,53.89,93,0,No Failure
865,P00865,M,297.88,308.37,1257.0,46.37,70,0,No Failure
866,P00866,M,300.86,308.82,1166.0,56.16,224,1,Machine Failure
867,P00867,L,299.63,309.44,1578.0,26.07,198,0,No Failure
868,P00868,L,301.97,307.89,1564.0,39.65,121,0,No Failure
869,P00869,H,302.37,310.02,1735.0,23.83,23,0,No Failure
870,P00870,H,305.18,311.35,1371.0,37.71,10,0,No Failure
871,P00871,L,301.16,308.64,1622.0,37.51,72,0,No Failure
872,P00872,L,300.65,312.28,1665.0,46.27,11,0,No Failure
873,P00873,M,300.39,310.77,1633.0,40.46,34,0,No Failure
874,P00874,M,299.29,311.55,1252.0,46.23,190,0,No Failure
875,P00875,L,300.68,309.01,1545.0,47.03,195,0,No Failure
876,P00876,L,299.41,311.28,1609.0,61.55,227,1,Machine Failure
877,P00877,M,300.34,308.36,1502.0,36.85,219,1,Machine Failure
878,P00878,M,302.64,311.34,874.0,30.59,184,0,No Failure
879,P00879,L,297.99,310.26,1548.0,42.46,140,0,No Failure
880,P00880,L,302.28,310.83,2164.0,31.98,22,1,Machine Failure
881,P00881,L,302.63,308.24,1392.0,54.82,82,0,No Failure
882,P00882,M,299.76,308.66,1282.0,37.17,233,1,Machine Failure
883,P00883,L,295.76,310.9,1612.0,34.34,228,1,Machine Failure
884,P00884,L,298.78,308.58,1594.0,35.29,166,0,No Failure
885,P00885,M,302.59,310.69,1858.0,47.18,87,0,No Failure
886,P00886,L,299.95,307.95,1123.0,38.42,79,0,No Failure
887,P00887,M,298.0,311.27,1719.0,33.58,96,0,No Failure
888,P00888,L,298.99,308.15,1677.0,56.65,139,1,Machine Failure
889,P00889,L,301.68,310.83,1457.0,31.44,33,0,No Failure
890,P00890,L,301.09,310.94,1602.0,40.36,198,0,No Failure
891,P00891,M,299.52,308.95,1809.0,46.52,74,0,No Failure
892,P00892,H,299.27,310.87,1762.0,23.69,158,0,No Failure
893,P00893,H,299.22,310.39,1157.0,44.8,220,1,Machine Failure
894,P00894,L,298.16,309.19,1746.0,29.45,127,0,No Failure
895,P00895,M,303.23,308.49,1481.0,48.23,189,0,No Failure
896,P00896,L,299.36,307.06,1522.0,30.37,140,0,No Failure
897,P00897,L,302.43,310.52,1522.0,46.93,30,0,No Failure
898,P00898,H,303.04,307.65,1455.0,51.06,129,0,No Failure
899,P00899,L,302.0,310.14,1858.0,48.61,102,0,No Failure
900,P00900,L,299.14,309.6,1475.0,42.51,14,0,No Failure
901,P00901,L,300.81,311.02,1164.0,37.69,56,0,No Failure
902,P00902,L,299.95,309.55,1382.0,34.24,74,0,No Failure
903,P00903,L,298.19,309.51,1554.0,54.71,33,0,No Failure
904,P00904,M,300.65,311.1,1869.0,33.01,102,0,No Failure
905,P00905,M,297.64,310.5,1681.0,29.63,195,0,No Failure
906,P00906,H,302.38,310.47,1245.0,46.65,74,0,No Failure
907,P00907,H,299.07,310.7,2246.0,32.04,28,1,Machine Failure
908,P00908,L,300.4,307.7,1579.0,30.5,193,0,No Failure
909,P00909,L,300.57,311.14,1883.0,25.56,15,0,No Failure
910,P00910,L,299.48,310.92,1454.0,35.17,166,0,No Failure
911,P00911,M,301.17,308.47,1660.0,39.17,76,0,No Failure
912,P00912,L,299.05,309.63,1752.0,42.43,36,0,No Failure
913,P00913,M,301.74,309.94,1865.0,49.51,80,0,No Failure
914,P00914,M,297.31,309.8,1817.0,45.27,148,0,No Failure
915,P00915,M,300.25,310.5,1762.0,38.09,171,0,No Failure
916,P00916,M,303.88,312.15,1405.0,38.02,123,0,No Failure
917,P00917,L,298.0,311.62,1328.0,45.1,18,0,No Failure
918,P00918,H,298.64,308.03,1600.0,52.73,198,0,No Failure
919,P00919,M,301.03,310.93,1780.0,41.26,101,0,No Failure
920,P00920,L,300.36,311.99,1433.0,35.31,135,0,No Failure
921,P00921,H,300.7,310.58,1820.0,30.07,76,0,No Failure
922,P00922,M,300.98,311.64,1936.0,25.55,228,1,Machine Failure
923,P00923,H,301.27,313.02,1225.0,46.66,193,0,No Failure
924,P00924,M,302.22,311.54,1249.0,45.78,40,0,No Failure
925,P00925,M,300.82,310.37,1458.0,45.77,202,1,Machine Failure
926,P00926,L,299.52,311.57,1592.0,38.71,215,1,Machine Failure
927,P00927,L,301.35,310.22,1343.0,54.07,197,0,No Failure
928,P00928,M,303.8,310.04,1906.0,35.16,60,0,No Failure
929,P00929,M,299.73,309.47,1627.0,49.55,25,0,No Failure
930,P00930,L,298.05,312.35,1512.0,39.61,70,0,No Failure
931,P00931,L,302.21,308.77,1069.0,33.92,248,1,Machine Failure
932,P00932,H,299.76,312.3,1105.0,45.93,102,0,No Failure
933,P00933,H,295.65,310.75,1584.0,44.1,210,1,Machine Failure
934,P00934,M,301.69,307.9,860.0,43.57,69,0,No Failure
935,P00935,L,298.93,310.55,1804.0,40.81,106,0,No Failure
936,P00936,L,299.82,306.85,1453.0,39.62,156,0,No Failure
937,P00937,L,300.66,310.94,2473.0,63.88,106,1,Machine Failure
938,P00938,H,300.38,311.33,2192.0,51.84,102,1,Machine Failure
939,P00939,L,301.42,309.11,1446.0,47.23,193,0,No Failure
940,P00940,M,299.13,310.19,1468.0,41.12,18,0,No Failure
941,P00941,L,301.03,312.93,1799.0,50.07,67,0,No Failure
942,P00942,M,299.48,309.24,2011.0,45.18,185,1,Machine Failure
943,P00943,M,301.48,308.41,1009.0,40.26,69,0,No Failure
944,P00944,H,301.23,312.22,964.0,36.96,112,0,No Failure
945,P00945,L,298.13,312.94,1313.0,39.19,56,0,No Failure
946,P00946,L,302.17,310.01,1675.0,8.3,164,0,No Failure
947,P00947,L,298.93,311.52,1649.0,42.11,60,0,No Failure
948,P00948,H,301.62,312.01,1821.0,35.12,91,0,No Failure
949,P00949,H,300.73,308.89,1140.0,55.93,29,1,Machine Failure
950,P00950,M,303.68,309.27,805.0,40.19,198,0,No Failure
951,P00951,M,299.55,311.85,1757.0,28.11,200,0,No Failure
952,P00952,M,299.3,312.53,1252.0,39.5,152,0,No Failure
953,P00953,L,299.96,310.84,894.0,29.54,224,1,Machine Failure
954,P00954,H,299.39,308.68,1544.0,44.73,126,0,No Failure
955,P00955,M,301.6,312.98,1738.0,42.91,192,0,No Failure
956,P00956,L,296.77,309.2,1463.0,49.58,114,0,No Failure
957,P00957,M,297.89,309.5,1363.0,32.09,5,0,No Failure
958,P00958,L,297.86,310.51,1452.0,40.34,17,0,No Failure
959,P00959,L,301.9,312.33,1389.0,26.35,9,0,No Failure
960,P00960,M,303.42,311.28,1096.0,47.01,91,0,No Failure
961,P00961,L,299.79,310.62,1286.0,45.19,138,0,No Failure
962,P00962,M,299.66,310.69,1656.0,44.96,224,1,Machine Failure
963,P00963,L,300.14,310.07,1597.0,40.02,192,0,No Failure
964,P00964,L,302.32,310.84,1550.0,44.15,76,0,No Failure
965,P00965,L,298.15,306.21,1201.0,56.04,100,1,Machine Failure
966,P00966,L,300.48,309.56,1446.0,37.15,83,0,No Failure
967,P00967,M,301.95,310.36,847.0,41.39,192,0,No Failure
968,P00968,L,301.0,308.27,1554.0,29.14,51,0,No Failure
969,P00969,M,300.38,310.58,1929.0,31.32,194,0,No Failure
970,P00970,M,302.0,309.69,1058.0,40.98,209,1,Machine Failure
971,P00971,M,294.59,312.63,1324.0,51.04,232,1,Machine Failure
972,P00972,H,301.36,312.36,1599.0,37.44,205,1,Machine Failure
973,P00973,M,298.69,309.3,1876.0,37.64,30,0,No Failure
974,P00974,L,296.34,309.77,1366.0,35.93,218,1,Machine Failure
975,P00975,L,301.02,309.89,1292.0,34.65,144,0,No Failure
976,P00976,L,302.75,309.32,909.0,42.95,182,0,No Failure
977,P00977,M,299.73,310.29,1531.0,25.03,109,0,No Failure
978,P00978,L,301.91,308.86,2113.0,52.81,92,1,Machine Failure
979,P00979,M,303.22,308.3,1583.0,33.35,163,0,No Failure
980,P00980,M,302.63,310.93,1493.0,47.22,228,1,Machine Failure
981,P00981,L,303.28,310.94,1597.0,27.3,153,0,No Failure
982,P00982,M,301.48,308.79,1497.0,46.69,52,0,No Failure
983,P00983,L,300.15,311.34,1256.0,46.72,144,0,No Failure
984,P00984,L,296.8,309.05,1747.0,43.84,85,0,No Failure
985,P00985,M,299.51,310.38,1568.0,30.06,152,0,No Failure
986,P00986,M,298.31,311.23,1505.0,42.5,1,0,No Failure
987,P00987,M,304.34,309.95,1207.0,28.17,246,1,Machine Failure
988,P00988,M,299.65,310.68,1891.0,37.47,85,0,No Failure
989,P00989,L,300.25,309.23,1699.0,50.29,132,0,No Failure
990,P00990,H,301.1,309.71,1334.0,47.97,3,0,No Failure
991,P00991,M,300.09,309.69,1801.0,40.15,163,0,No Failure
992,P00992,M,303.39,308.88,1351.0,30.25,5,0,No Failure
993,P00993,L,298.75,309.73,1265.0,46.46,243,1,Machine Failure
994,P00994,M,300.39,307.68,1272.0,40.19,148,0,No Failure
995,P00995,L,298.52,309.26,969.0,16.8,204,1,Machine Failure
996,P00996,L,297.36,309.57,1641.0,47.83,117,0,No Failure
997,P00997,H,298.78,309.62,951.0,39.76,228,1,Machine Failure
998,P00998,L,299.93,309.64,1131.0,52.02,246,1,Machine Failure
999,P00999,H,299.14,309.91,877.0,29.05,88,0,No Failure
1000,P01000,M,298.62,310.72,1474.0,8.23,153,0,No Failure
